{
    "metrics": {
        "iteration_duration": {
            "p(95)": 14805.34914,
            "avg": 11086.969047841676,
            "min": 2320.2623,
            "med": 12196.43955,
            "max": 61002.7689,
            "p(90)": 14476.27463
        },
        "iterations": {
            "rate": 191.3554404774766,
            "count": 12000
        },
        "vus_max": {
            "value": 12000,
            "min": 1903,
            "max": 12000
        },
        "http_req_blocked": {
            "p(90)": 4427.02595,
            "p(95)": 4849.294859999999,
            "avg": 3061.6670791999945,
            "min": 0,
            "med": 2828.0105000000003,
            "max": 5352.718
        },
        "checks": {
            "fails": 132049,
            "passes": 11951,
            "value": 0.08299305555555556
        },
        "http_req_connecting": {
            "avg": 1297.7048672166738,
            "min": 217.5257,
            "med": 1293.61965,
            "max": 1656.4019,
            "p(90)": 1617.40608,
            "p(95)": 1633.402875
        },
        "http_req_failed": {
            "passes": 49,
            "fails": 11951,
            "value": 0.004083333333333333
        },
        "http_req_tls_handshaking": {
            "min": 0,
            "med": 1402.0837,
            "max": 4300.7402,
            "p(90)": 3266.41246,
            "p(95)": 3754.975469999999,
            "avg": 1767.9361595083387
        },
        "http_req_duration{expected_response:true}": {
            "avg": 7042.666816258054,
            "min": 285.1746,
            "med": 7897.2641,
            "max": 12435.4281,
            "p(90)": 10487.0616,
            "p(95)": 10967.9293
        },
        "data_received": {
            "count": 49519532,
            "rate": 789652.6548415414
        },
        "vus": {
            "value": 1,
            "min": 0,
            "max": 12000
        },
        "data_sent": {
            "count": 36513412,
            "rate": 582253.336382965
        },
        "http_reqs": {
            "count": 12000,
            "rate": 191.3554404774766
        },
        "http_req_duration": {
            "med": 7886.5967,
            "max": 56178.3595,
            "p(90)": 10485.88067,
            "p(95)": 10966.966385,
            "avg": 7018.59079005,
            "min": 0
        },
        "http_req_receiving": {
            "min": 0,
            "med": 0,
            "max": 46.3459,
            "p(90)": 0.5206,
            "p(95)": 0.9997,
            "avg": 0.17455040833333305
        },
        "http_req_sending": {
            "p(90)": 1.0005,
            "p(95)": 1.0036,
            "avg": 0.3948449416666669,
            "min": 0,
            "med": 0,
            "max": 41.9983
        },
        "http_req_waiting": {
            "min": 0,
            "med": 7886.21685,
            "max": 56177.8461,
            "p(90)": 10485.8167,
            "p(95)": 10966.9355,
            "avg": 7018.02139470001
        }
    },
    "root_group": {
        "name": "",
        "path": "",
        "id": "d41d8cd98f00b204e9800998ecf8427e",
        "groups": {},
        "checks": {
                "200 OK": {
                    "path": "::200 OK",
                    "id": "e9654c443eff553da9e69eda7007924e",
                    "passes": 11951,
                    "fails": 49,
                    "name": "200 OK"
                },
                "201 Created": {
                    "path": "::201 Created",
                    "id": "728dcd977aae263ca314731145e1d447",
                    "passes": 0,
                    "fails": 12000,
                    "name": "201 Created"
                },
                "204 No Content": {
                    "name": "204 No Content",
                    "path": "::204 No Content",
                    "id": "54fa3c2eda34e1622fda2da5e0479fc5",
                    "passes": 0,
                    "fails": 12000
                },
                "400 Bad Request": {
                    "name": "400 Bad Request",
                    "path": "::400 Bad Request",
                    "id": "eeae81934b9b58bccaf0184a6d070338",
                    "passes": 0,
                    "fails": 12000
                },
                "401 Unauthorized": {
                    "name": "401 Unauthorized",
                    "path": "::401 Unauthorized",
                    "id": "6ae9254e6aefe7f0bafe5102fa7e20a5",
                    "passes": 0,
                    "fails": 12000
                },
                "403 Forbidden": {
                    "passes": 0,
                    "fails": 12000,
                    "name": "403 Forbidden",
                    "path": "::403 Forbidden",
                    "id": "655548b761742c5a7ad15aa7df3a5d9c"
                },
                "404 Not Found": {
                    "passes": 0,
                    "fails": 12000,
                    "name": "404 Not Found",
                    "path": "::404 Not Found",
                    "id": "df1528f9925ca236bac51008f77b774a"
                },
                "429 Too Many Requests": {
                    "fails": 12000,
                    "name": "429 Too Many Requests",
                    "path": "::429 Too Many Requests",
                    "id": "b810c35b9499cc7342fd415032e3a6aa",
                    "passes": 0
                },
                "500 Internal Server Error": {
                    "id": "3cd96245b24e869810efe46d533b0eef",
                    "passes": 0,
                    "fails": 12000,
                    "name": "500 Internal Server Error",
                    "path": "::500 Internal Server Error"
                },
                "502 Bad Gateway": {
                    "fails": 12000,
                    "name": "502 Bad Gateway",
                    "path": "::502 Bad Gateway",
                    "id": "712cb0ec189a11f31f0d6d0c0031b569",
                    "passes": 0
                },
                "503 Service Unavailable": {
                    "name": "503 Service Unavailable",
                    "path": "::503 Service Unavailable",
                    "id": "f1ea1a22be0dc738c385523a66ea1cd9",
                    "passes": 0,
                    "fails": 12000
                },
                "504 Gateway Timeout": {
                    "path": "::504 Gateway Timeout",
                    "id": "218efb729cb654723ccd57c6ebbebe29",
                    "passes": 0,
                    "fails": 12000,
                    "name": "504 Gateway Timeout"
                }
            }
    }
}