{
    "metrics": {
        "http_req_duration{expected_response:true}": {
            "p(90)": 745.44428,
            "p(95)": 30050.98316,
            "avg": 2371.101640060002,
            "min": 93.3305,
            "med": 169.5996,
            "max": 30384.0116
        },
        "vus": {
            "value": 1,
            "min": 0,
            "max": 10000
        },
        "vus_max": {
            "value": 10000,
            "min": 1843,
            "max": 10000
        },
        "iteration_duration": {
            "avg": 20005.68933002998,
            "min": 4117.7481,
            "med": 19438.57545,
            "max": 35757.4904,
            "p(90)": 22648.26839,
            "p(95)": 31439.829674999997
        },
        "http_req_receiving": {
            "avg": 0.13372176000000002,
            "min": 0,
            "med": 0,
            "max": 22.8438,
            "p(90)": 0.5177200000000001,
            "p(95)": 0.9976
        },
        "http_req_duration": {
            "max": 30384.0116,
            "p(90)": 745.44428,
            "p(95)": 30050.98316,
            "avg": 2371.101640060002,
            "min": 93.3305,
            "med": 169.5996
        },
        "http_req_tls_handshaking": {
            "avg": 8.508632980000026,
            "min": 1.5451,
            "med": 5.5214,
            "max": 213.0006,
            "p(90)": 8.81748,
            "p(95)": 19.200764999999986
        },
        "http_req_failed": {
            "passes": 0,
            "fails": 10000,
            "value": 0
        },
        "http_req_connecting": {
            "avg": 5.290642730000002,
            "min": 0,
            "med": 3.0704,
            "max": 221.9984,
            "p(90)": 4.53031,
            "p(95)": 5.525509999999999
        },
        "http_req_sending": {
            "p(95)": 1.0039,
            "avg": 0.35077612999999896,
            "min": 0,
            "med": 0,
            "max": 26.5273,
            "p(90)": 0.9981
        },
        "http_req_waiting": {
            "p(95)": 30050.18117,
            "avg": 2370.6171421699996,
            "min": 92.8092,
            "med": 169.09725,
            "max": 30383.8902,
            "p(90)": 744.13729
        },
        "http_req_blocked": {
            "p(95)": 24.628004999999973,
            "avg": 13.982928579999966,
            "min": 4.4503,
            "med": 8.9987,
            "max": 319.0023,
            "p(90)": 13.298980000000004
        },
        "checks": {
            "passes": 10000,
            "fails": 110000,
            "value": 0.08333333333333333
        },
        "data_received": {
            "rate": 1159572.759958062,
            "count": 41542393
        },
        "data_sent": {
            "count": 30550000,
            "rate": 852742.1089275911
        },
        "http_reqs": {
            "count": 10000,
            "rate": 279.1299865556763
        },
        "iterations": {
            "count": 10000,
            "rate": 279.1299865556763
        }
    },
    "root_group": {
        "groups": {},
        "checks": {
                "200 OK": {
                    "name": "200 OK",
                    "path": "::200 OK",
                    "id": "e9654c443eff553da9e69eda7007924e",
                    "passes": 10000,
                    "fails": 0
                },
                "201 Created": {
                    "passes": 0,
                    "fails": 10000,
                    "name": "201 Created",
                    "path": "::201 Created",
                    "id": "728dcd977aae263ca314731145e1d447"
                },
                "204 No Content": {
                    "fails": 10000,
                    "name": "204 No Content",
                    "path": "::204 No Content",
                    "id": "54fa3c2eda34e1622fda2da5e0479fc5",
                    "passes": 0
                },
                "400 Bad Request": {
                    "fails": 10000,
                    "name": "400 Bad Request",
                    "path": "::400 Bad Request",
                    "id": "eeae81934b9b58bccaf0184a6d070338",
                    "passes": 0
                },
                "401 Unauthorized": {
                    "id": "6ae9254e6aefe7f0bafe5102fa7e20a5",
                    "passes": 0,
                    "fails": 10000,
                    "name": "401 Unauthorized",
                    "path": "::401 Unauthorized"
                },
                "403 Forbidden": {
                    "path": "::403 Forbidden",
                    "id": "655548b761742c5a7ad15aa7df3a5d9c",
                    "passes": 0,
                    "fails": 10000,
                    "name": "403 Forbidden"
                },
                "404 Not Found": {
                    "id": "df1528f9925ca236bac51008f77b774a",
                    "passes": 0,
                    "fails": 10000,
                    "name": "404 Not Found",
                    "path": "::404 Not Found"
                },
                "429 Too Many Requests": {
                    "name": "429 Too Many Requests",
                    "path": "::429 Too Many Requests",
                    "id": "b810c35b9499cc7342fd415032e3a6aa",
                    "passes": 0,
                    "fails": 10000
                },
                "500 Internal Server Error": {
                    "id": "3cd96245b24e869810efe46d533b0eef",
                    "passes": 0,
                    "fails": 10000,
                    "name": "500 Internal Server Error",
                    "path": "::500 Internal Server Error"
                },
                "502 Bad Gateway": {
                    "passes": 0,
                    "fails": 10000,
                    "name": "502 Bad Gateway",
                    "path": "::502 Bad Gateway",
                    "id": "712cb0ec189a11f31f0d6d0c0031b569"
                },
                "503 Service Unavailable": {
                    "name": "503 Service Unavailable",
                    "path": "::503 Service Unavailable",
                    "id": "f1ea1a22be0dc738c385523a66ea1cd9",
                    "passes": 0,
                    "fails": 10000
                },
                "504 Gateway Timeout": {
                    "path": "::504 Gateway Timeout",
                    "id": "218efb729cb654723ccd57c6ebbebe29",
                    "passes": 0,
                    "fails": 10000,
                    "name": "504 Gateway Timeout"
                }
            },
        "name": "",
        "path": "",
        "id": "d41d8cd98f00b204e9800998ecf8427e"
    }
}