{
    "metrics": {
        "data_received": {
            "count": 7045,
            "rate": 7685.150772404015
        },
        "http_reqs": {
            "count": 1,
            "rate": 1.0908659719523086
        },
        "http_req_duration{expected_response:true}": {
            "avg": 27.9368,
            "min": 27.9368,
            "med": 27.9368,
            "max": 27.9368,
            "p(90)": 27.9368,
            "p(95)": 27.9368
        },
        "http_req_blocked": {
            "med": 23.1021,
            "max": 23.1021,
            "p(90)": 23.1021,
            "p(95)": 23.1021,
            "avg": 23.1021,
            "min": 23.1021
        },
        "http_req_connecting": {
            "med": 3.6978,
            "max": 3.6978,
            "p(90)": 3.6978,
            "p(95)": 3.6978,
            "avg": 3.6978,
            "min": 3.6978
        },
        "http_req_sending": {
            "p(95)": 0.5142,
            "avg": 0.5142,
            "min": 0.5142,
            "med": 0.5142,
            "max": 0.5142,
            "p(90)": 0.5142
        },
        "http_req_receiving": {
            "p(90)": 0,
            "p(95)": 0,
            "avg": 0,
            "min": 0,
            "med": 0,
            "max": 0
        },
        "http_req_failed": {
            "passes": 0,
            "fails": 1,
            "value": 0
        },
        "http_req_duration": {
            "med": 27.9368,
            "max": 27.9368,
            "p(90)": 27.9368,
            "p(95)": 27.9368,
            "avg": 27.9368,
            "min": 27.9368
        },
        "http_req_tls_handshaking": {
            "avg": 5.4092,
            "min": 5.4092,
            "med": 5.4092,
            "max": 5.4092,
            "p(90)": 5.4092,
            "p(95)": 5.4092
        },
        "checks": {
            "passes": 1,
            "fails": 11,
            "value": 0.08333333333333333
        },
        "data_sent": {
            "count": 1337,
            "rate": 1458.4878045002367
        },
        "http_req_waiting": {
            "p(90)": 27.4226,
            "p(95)": 27.4226,
            "avg": 27.4226,
            "min": 27.4226,
            "med": 27.4226,
            "max": 27.4226
        }
    },
    "root_group": {
        "name": "",
        "path": "",
        "id": "d41d8cd98f00b204e9800998ecf8427e",
        "groups": {},
        "checks": {
                "200 OK": {
                    "name": "200 OK",
                    "path": "::200 OK",
                    "id": "e9654c443eff553da9e69eda7007924e",
                    "passes": 1,
                    "fails": 0
                },
                "201 Created": {
                    "name": "201 Created",
                    "path": "::201 Created",
                    "id": "728dcd977aae263ca314731145e1d447",
                    "passes": 0,
                    "fails": 1
                },
                "204 No Content": {
                    "name": "204 No Content",
                    "path": "::204 No Content",
                    "id": "54fa3c2eda34e1622fda2da5e0479fc5",
                    "passes": 0,
                    "fails": 1
                },
                "400 Bad Request": {
                    "name": "400 Bad Request",
                    "path": "::400 Bad Request",
                    "id": "eeae81934b9b58bccaf0184a6d070338",
                    "passes": 0,
                    "fails": 1
                },
                "401 Unauthorized": {
                    "fails": 1,
                    "name": "401 Unauthorized",
                    "path": "::401 Unauthorized",
                    "id": "6ae9254e6aefe7f0bafe5102fa7e20a5",
                    "passes": 0
                },
                "403 Forbidden": {
                    "fails": 1,
                    "name": "403 Forbidden",
                    "path": "::403 Forbidden",
                    "id": "655548b761742c5a7ad15aa7df3a5d9c",
                    "passes": 0
                },
                "404 Not Found": {
                    "path": "::404 Not Found",
                    "id": "df1528f9925ca236bac51008f77b774a",
                    "passes": 0,
                    "fails": 1,
                    "name": "404 Not Found"
                },
                "429 Too Many Requests": {
                    "name": "429 Too Many Requests",
                    "path": "::429 Too Many Requests",
                    "id": "b810c35b9499cc7342fd415032e3a6aa",
                    "passes": 0,
                    "fails": 1
                },
                "500 Internal Server Error": {
                    "passes": 0,
                    "fails": 1,
                    "name": "500 Internal Server Error",
                    "path": "::500 Internal Server Error",
                    "id": "3cd96245b24e869810efe46d533b0eef"
                },
                "502 Bad Gateway": {
                    "path": "::502 Bad Gateway",
                    "id": "712cb0ec189a11f31f0d6d0c0031b569",
                    "passes": 0,
                    "fails": 1,
                    "name": "502 Bad Gateway"
                },
                "503 Service Unavailable": {
                    "name": "503 Service Unavailable",
                    "path": "::503 Service Unavailable",
                    "id": "f1ea1a22be0dc738c385523a66ea1cd9",
                    "passes": 0,
                    "fails": 1
                },
                "504 Gateway Timeout": {
                    "name": "504 Gateway Timeout",
                    "path": "::504 Gateway Timeout",
                    "id": "218efb729cb654723ccd57c6ebbebe29",
                    "passes": 0,
                    "fails": 1
                }
            }
    }
}