{
    "metrics": {
        "http_req_tls_handshaking": {
            "avg": 650.6918584599998,
            "min": 0,
            "med": 452.99135,
            "max": 2052.603,
            "p(90)": 1702.1539200000009,
            "p(95)": 1893.1457000000003
        },
        "http_reqs": {
            "count": 5000,
            "rate": 1046.058674770023
        },
        "http_req_connecting": {
            "avg": 300.037365400001,
            "min": 157.8762,
            "med": 270.9515,
            "max": 426.2927,
            "p(90)": 398.73075000000006,
            "p(95)": 417.3861
        },
        "iterations": {
            "rate": 1046.058674770023,
            "count": 5000
        },
        "http_req_blocked": {
            "p(95)": 2255.0362,
            "avg": 852.0933122399999,
            "min": 0,
            "med": 697.11285,
            "max": 2447.834,
            "p(90)": 2053.5317700000005
        },
        "http_req_duration": {
            "avg": 1085.0551863199998,
            "min": 0,
            "med": 1051.80715,
            "max": 2874.8843,
            "p(90)": 2622.8976700000003,
            "p(95)": 2691.5733
        },
        "vus_max": {
            "value": 5000,
            "min": 1818,
            "max": 5000
        },
        "vus": {
            "value": 2540,
            "min": 0,
            "max": 5000
        },
        "data_sent": {
            "rate": 456883.2815680738,
            "count": 2183832
        },
        "iteration_duration": {
            "avg": 3489.844044159994,
            "min": 1230.9035,
            "med": 4265.39485,
            "max": 4662.8351,
            "p(90)": 4515.01674,
            "p(95)": 4549.323395
        },
        "http_req_failed": {
            "passes": 1472,
            "fails": 3528,
            "value": 0.2944
        },
        "data_received": {
            "count": 16645764,
            "rate": 3482489.166074911
        },
        "http_req_sending": {
            "med": 0,
            "max": 23.4154,
            "p(90)": 0.6518400000000052,
            "p(95)": 1.0008,
            "avg": 0.19817557999999993,
            "min": 0
        },
        "http_req_receiving": {
            "min": 0,
            "med": 0,
            "max": 28.9935,
            "p(90)": 1.0033,
            "p(95)": 1.9993,
            "avg": 0.4000312800000008
        },
        "checks": {
            "fails": 56472,
            "passes": 3528,
            "value": 0.0588
        },
        "http_req_duration{expected_response:true}": {
            "avg": 1537.7766246031745,
            "min": 21.1819,
            "med": 1687.87315,
            "max": 2874.8843,
            "p(90)": 2657.11053,
            "p(95)": 2717.529335
        },
        "http_req_waiting": {
            "avg": 1084.456979460002,
            "min": 0,
            "med": 1051.80715,
            "max": 2874.8843,
            "p(90)": 2621.8767599999996,
            "p(95)": 2690.5529300000003
        }
    },
    "root_group": {
        "groups": {},
        "checks": {
                "200 OK": {
                    "name": "200 OK",
                    "path": "::200 OK",
                    "id": "e9654c443eff553da9e69eda7007924e",
                    "passes": 3528,
                    "fails": 1472
                },
                "201 Created": {
                    "name": "201 Created",
                    "path": "::201 Created",
                    "id": "728dcd977aae263ca314731145e1d447",
                    "passes": 0,
                    "fails": 5000
                },
                "204 No Content": {
                    "name": "204 No Content",
                    "path": "::204 No Content",
                    "id": "54fa3c2eda34e1622fda2da5e0479fc5",
                    "passes": 0,
                    "fails": 5000
                },
                "400 Bad Request": {
                    "id": "eeae81934b9b58bccaf0184a6d070338",
                    "passes": 0,
                    "fails": 5000,
                    "name": "400 Bad Request",
                    "path": "::400 Bad Request"
                },
                "401 Unauthorized": {
                    "passes": 0,
                    "fails": 5000,
                    "name": "401 Unauthorized",
                    "path": "::401 Unauthorized",
                    "id": "6ae9254e6aefe7f0bafe5102fa7e20a5"
                },
                "403 Forbidden": {
                    "passes": 0,
                    "fails": 5000,
                    "name": "403 Forbidden",
                    "path": "::403 Forbidden",
                    "id": "655548b761742c5a7ad15aa7df3a5d9c"
                },
                "404 Not Found": {
                    "name": "404 Not Found",
                    "path": "::404 Not Found",
                    "id": "df1528f9925ca236bac51008f77b774a",
                    "passes": 0,
                    "fails": 5000
                },
                "429 Too Many Requests": {
                    "path": "::429 Too Many Requests",
                    "id": "b810c35b9499cc7342fd415032e3a6aa",
                    "passes": 0,
                    "fails": 5000,
                    "name": "429 Too Many Requests"
                },
                "500 Internal Server Error": {
                    "name": "500 Internal Server Error",
                    "path": "::500 Internal Server Error",
                    "id": "3cd96245b24e869810efe46d533b0eef",
                    "passes": 0,
                    "fails": 5000
                },
                "502 Bad Gateway": {
                    "id": "712cb0ec189a11f31f0d6d0c0031b569",
                    "passes": 0,
                    "fails": 5000,
                    "name": "502 Bad Gateway",
                    "path": "::502 Bad Gateway"
                },
                "503 Service Unavailable": {
                    "name": "503 Service Unavailable",
                    "path": "::503 Service Unavailable",
                    "id": "f1ea1a22be0dc738c385523a66ea1cd9",
                    "passes": 0,
                    "fails": 5000
                },
                "504 Gateway Timeout": {
                    "passes": 0,
                    "fails": 5000,
                    "name": "504 Gateway Timeout",
                    "path": "::504 Gateway Timeout",
                    "id": "218efb729cb654723ccd57c6ebbebe29"
                }
            },
        "name": "",
        "path": "",
        "id": "d41d8cd98f00b204e9800998ecf8427e"
    }
}