{
    "metrics": {
        "http_req_connecting": {
            "min": 1.998,
            "med": 18.52295,
            "max": 31.519,
            "p(90)": 23.5252,
            "p(95)": 25.5203,
            "avg": 14.853062199999993
        },
        "http_req_tls_handshaking": {
            "p(95)": 187.44742499999995,
            "avg": 83.0325414,
            "min": 3.9992,
            "med": 68.50165,
            "max": 203.6023,
            "p(90)": 172.33647
        },
        "http_req_failed": {
            "fails": 498,
            "passes": 2,
            "value": 0.004
        },
        "iterations": {
            "count": 500,
            "rate": 8.194387885641149
        },
        "http_req_blocked": {
            "p(95)": 203.23180999999997,
            "avg": 98.49526200000001,
            "min": 10.6119,
            "med": 83.267,
            "max": 235.4598,
            "p(90)": 186.89088
        },
        "vus_max": {
            "value": 500,
            "min": 500,
            "max": 500
        },
        "http_reqs": {
            "count": 500,
            "rate": 8.194387885641149
        },
        "http_req_sending": {
            "p(95)": 1.0009,
            "avg": 0.21670080000000003,
            "min": 0,
            "med": 0,
            "max": 7.0009,
            "p(90)": 0.99791
        },
        "http_req_waiting": {
            "p(95)": 12711.01874499991,
            "avg": 5065.653824399997,
            "min": 2645.4274,
            "med": 3339.24305,
            "max": 59964.0936,
            "p(90)": 3570.0241300000002
        },
        "data_received": {
            "count": 2357436,
            "rate": 38635.48999914865
        },
        "http_req_duration{expected_response:true}": {
            "med": 3339.00025,
            "max": 58547.3992,
            "p(90)": 3569.73786,
            "p(95)": 8873.593024999953,
            "avg": 4845.499028514054,
            "min": 2645.4274
        },
        "checks": {
            "passes": 498,
            "fails": 5502,
            "value": 0.083
        },
        "vus": {
            "value": 2,
            "min": 2,
            "max": 500
        },
        "http_req_receiving": {
            "avg": 0.05653139999999997,
            "min": 0,
            "med": 0,
            "max": 1.1625,
            "p(90)": 0.0480900000000002,
            "p(95)": 0.5283299999999995
        },
        "iteration_duration": {
            "p(90)": 4650.74212,
            "p(95)": 13752.45170999991,
            "avg": 6165.316172999998,
            "min": 3812.2465,
            "med": 4436.7953,
            "max": 61002.0693
        },
        "http_req_duration": {
            "min": 2645.4274,
            "med": 3339.82405,
            "max": 59965.2475,
            "p(90)": 3571.5886,
            "p(95)": 12711.01874499991,
            "avg": 5065.927056599998
        },
        "data_sent": {
            "count": 743496,
            "rate": 12184.989230845302
        }
    },
    "root_group": {
        "name": "",
        "path": "",
        "id": "d41d8cd98f00b204e9800998ecf8427e",
        "groups": {},
        "checks": {
                "200 OK": {
                    "id": "e9654c443eff553da9e69eda7007924e",
                    "passes": 498,
                    "fails": 2,
                    "name": "200 OK",
                    "path": "::200 OK"
                },
                "201 Created": {
                    "name": "201 Created",
                    "path": "::201 Created",
                    "id": "728dcd977aae263ca314731145e1d447",
                    "passes": 0,
                    "fails": 500
                },
                "204 No Content": {
                    "name": "204 No Content",
                    "path": "::204 No Content",
                    "id": "54fa3c2eda34e1622fda2da5e0479fc5",
                    "passes": 0,
                    "fails": 500
                },
                "400 Bad Request": {
                    "name": "400 Bad Request",
                    "path": "::400 Bad Request",
                    "id": "eeae81934b9b58bccaf0184a6d070338",
                    "passes": 0,
                    "fails": 500
                },
                "401 Unauthorized": {
                    "name": "401 Unauthorized",
                    "path": "::401 Unauthorized",
                    "id": "6ae9254e6aefe7f0bafe5102fa7e20a5",
                    "passes": 0,
                    "fails": 500
                },
                "403 Forbidden": {
                    "fails": 500,
                    "name": "403 Forbidden",
                    "path": "::403 Forbidden",
                    "id": "655548b761742c5a7ad15aa7df3a5d9c",
                    "passes": 0
                },
                "404 Not Found": {
                    "name": "404 Not Found",
                    "path": "::404 Not Found",
                    "id": "df1528f9925ca236bac51008f77b774a",
                    "passes": 0,
                    "fails": 500
                },
                "429 Too Many Requests": {
                    "fails": 500,
                    "name": "429 Too Many Requests",
                    "path": "::429 Too Many Requests",
                    "id": "b810c35b9499cc7342fd415032e3a6aa",
                    "passes": 0
                },
                "500 Internal Server Error": {
                    "path": "::500 Internal Server Error",
                    "id": "3cd96245b24e869810efe46d533b0eef",
                    "passes": 0,
                    "fails": 500,
                    "name": "500 Internal Server Error"
                },
                "502 Bad Gateway": {
                    "name": "502 Bad Gateway",
                    "path": "::502 Bad Gateway",
                    "id": "712cb0ec189a11f31f0d6d0c0031b569",
                    "passes": 0,
                    "fails": 500
                },
                "503 Service Unavailable": {
                    "id": "f1ea1a22be0dc738c385523a66ea1cd9",
                    "passes": 0,
                    "fails": 500,
                    "name": "503 Service Unavailable",
                    "path": "::503 Service Unavailable"
                },
                "504 Gateway Timeout": {
                    "passes": 0,
                    "fails": 500,
                    "name": "504 Gateway Timeout",
                    "path": "::504 Gateway Timeout",
                    "id": "218efb729cb654723ccd57c6ebbebe29"
                }
            }
    }
}