{
    "metrics": {
        "vus_max": {
            "value": 2900,
            "min": 1421,
            "max": 2900
        },
        "data_sent": {
            "count": 9567564,
            "rate": 169974.77651593174
        },
        "checks": {
            "fails": 31906,
            "passes": 2894,
            "value": 0.08316091954022989
        },
        "http_req_waiting": {
            "min": 0,
            "med": 50664.5161,
            "max": 54632.1992,
            "p(90)": 53850.400499999996,
            "p(95)": 54103.720115,
            "avg": 46865.55120165514
        },
        "http_req_receiving": {
            "max": 4.5327,
            "p(90)": 0.061529999999999974,
            "p(95)": 0.5564399999999998,
            "avg": 0.06276265517241372,
            "min": 0,
            "med": 0
        },
        "http_req_sending": {
            "avg": 0.46525431034482717,
            "min": 0,
            "med": 0,
            "max": 42.0036,
            "p(90)": 1.0005,
            "p(95)": 1.003
        },
        "vus": {
            "value": 88,
            "min": 0,
            "max": 2900
        },
        "http_req_connecting": {
            "avg": 216.0152940000008,
            "min": 157.2506,
            "med": 210.2616,
            "max": 277.4924,
            "p(90)": 234.83761,
            "p(95)": 236.8378
        },
        "http_req_tls_handshaking": {
            "avg": 589.5731281724135,
            "min": 0,
            "med": 334.5058,
            "max": 1618.8535,
            "p(90)": 1403.32271,
            "p(95)": 1517.0659349999996
        },
        "iterations": {
            "count": 2900,
            "rate": 51.520622375371836
        },
        "http_reqs": {
            "count": 2900,
            "rate": 51.520622375371836
        },
        "http_req_duration": {
            "min": 0,
            "med": 50665.01205,
            "max": 54632.1992,
            "p(90)": 53851.580480000004,
            "p(95)": 54105.642705,
            "avg": 46866.079218620616
        },
        "data_received": {
            "count": 12149750,
            "rate": 215849.200587991
        },
        "iteration_duration": {
            "max": 56123.964,
            "p(90)": 55593.98676,
            "p(95)": 55755.70878,
            "avg": 48695.19186451726,
            "min": 1281.3574,
            "med": 52573.5447
        },
        "http_req_blocked": {
            "p(90)": 1596.8221,
            "p(95)": 1719.2520299999999,
            "avg": 827.2265204827587,
            "min": 0,
            "med": 612.8024,
            "max": 1968.5195
        },
        "http_req_failed": {
            "passes": 6,
            "fails": 2894,
            "value": 0.0020689655172413794
        },
        "http_req_duration{expected_response:true}": {
            "med": 50678.91395,
            "max": 54632.1992,
            "p(90)": 53852.74676,
            "p(95)": 54106.059735,
            "avg": 46963.244552176846,
            "min": 3999.4702
        }
    },
    "root_group": {
        "name": "",
        "path": "",
        "id": "d41d8cd98f00b204e9800998ecf8427e",
        "groups": {},
        "checks": {
                "200 OK": {
                    "name": "200 OK",
                    "path": "::200 OK",
                    "id": "e9654c443eff553da9e69eda7007924e",
                    "passes": 2894,
                    "fails": 6
                },
                "201 Created": {
                    "id": "728dcd977aae263ca314731145e1d447",
                    "passes": 0,
                    "fails": 2900,
                    "name": "201 Created",
                    "path": "::201 Created"
                },
                "204 No Content": {
                    "name": "204 No Content",
                    "path": "::204 No Content",
                    "id": "54fa3c2eda34e1622fda2da5e0479fc5",
                    "passes": 0,
                    "fails": 2900
                },
                "400 Bad Request": {
                    "name": "400 Bad Request",
                    "path": "::400 Bad Request",
                    "id": "eeae81934b9b58bccaf0184a6d070338",
                    "passes": 0,
                    "fails": 2900
                },
                "401 Unauthorized": {
                    "name": "401 Unauthorized",
                    "path": "::401 Unauthorized",
                    "id": "6ae9254e6aefe7f0bafe5102fa7e20a5",
                    "passes": 0,
                    "fails": 2900
                },
                "403 Forbidden": {
                    "fails": 2900,
                    "name": "403 Forbidden",
                    "path": "::403 Forbidden",
                    "id": "655548b761742c5a7ad15aa7df3a5d9c",
                    "passes": 0
                },
                "404 Not Found": {
                    "name": "404 Not Found",
                    "path": "::404 Not Found",
                    "id": "df1528f9925ca236bac51008f77b774a",
                    "passes": 0,
                    "fails": 2900
                },
                "429 Too Many Requests": {
                    "id": "b810c35b9499cc7342fd415032e3a6aa",
                    "passes": 0,
                    "fails": 2900,
                    "name": "429 Too Many Requests",
                    "path": "::429 Too Many Requests"
                },
                "500 Internal Server Error": {
                    "passes": 0,
                    "fails": 2900,
                    "name": "500 Internal Server Error",
                    "path": "::500 Internal Server Error",
                    "id": "3cd96245b24e869810efe46d533b0eef"
                },
                "502 Bad Gateway": {
                    "name": "502 Bad Gateway",
                    "path": "::502 Bad Gateway",
                    "id": "712cb0ec189a11f31f0d6d0c0031b569",
                    "passes": 0,
                    "fails": 2900
                },
                "503 Service Unavailable": {
                    "name": "503 Service Unavailable",
                    "path": "::503 Service Unavailable",
                    "id": "f1ea1a22be0dc738c385523a66ea1cd9",
                    "passes": 0,
                    "fails": 2900
                },
                "504 Gateway Timeout": {
                    "passes": 0,
                    "fails": 2900,
                    "name": "504 Gateway Timeout",
                    "path": "::504 Gateway Timeout",
                    "id": "218efb729cb654723ccd57c6ebbebe29"
                }
            }
    }
}