{
    "metrics": {
        "iteration_duration": {
            "avg": 11654.187486533332,
            "min": 3415.3616,
            "med": 5418.38825,
            "max": 34177.7291,
            "p(90)": 31914.187120000002,
            "p(95)": 32086.487175000002
        },
        "http_req_duration{expected_response:true}": {
            "p(95)": 30206.80311,
            "avg": 7720.407556100001,
            "min": 104.2575,
            "med": 557.56935,
            "max": 30455.6648,
            "p(90)": 30127.847609999997
        },
        "http_req_failed": {
            "passes": 0,
            "fails": 3000,
            "value": 0
        },
        "http_reqs": {
            "count": 3000,
            "rate": 87.43323765552996
        },
        "http_req_duration": {
            "med": 557.56935,
            "max": 30455.6648,
            "p(90)": 30127.847609999997,
            "p(95)": 30206.80311,
            "avg": 7720.407556100001,
            "min": 104.2575
        },
        "http_req_sending": {
            "avg": 0.32815153333333336,
            "min": 0,
            "med": 0,
            "max": 20.5351,
            "p(90)": 0.9986,
            "p(95)": 1.0021
        },
        "data_sent": {
            "rate": 267108.541037644,
            "count": 9165000
        },
        "http_req_connecting": {
            "avg": 3.8105162666666597,
            "min": 1.71,
            "med": 3,
            "max": 60.419,
            "p(90)": 4.0004,
            "p(95)": 4.756894999999997
        },
        "data_received": {
            "count": 12466736,
            "rate": 363335.697158917
        },
        "vus_max": {
            "min": 2253,
            "max": 3000,
            "value": 3000
        },
        "http_req_tls_handshaking": {
            "med": 5.02165,
            "max": 39.8799,
            "p(90)": 7.63952,
            "p(95)": 13.999125,
            "avg": 6.202595633333329,
            "min": 3.5434
        },
        "checks": {
            "passes": 3000,
            "fails": 33000,
            "value": 0.08333333333333333
        },
        "http_req_receiving": {
            "p(95)": 0.5692099999999994,
            "avg": 0.10784413333333333,
            "min": 0,
            "med": 0,
            "max": 9.8245,
            "p(90)": 0.459339999999999
        },
        "vus": {
            "value": 1,
            "min": 0,
            "max": 3000
        },
        "http_req_waiting": {
            "avg": 7719.971560433338,
            "min": 103.7444,
            "med": 557.09095,
            "max": 30455.6648,
            "p(90)": 30127.47045,
            "p(95)": 30206.311739999997
        },
        "iterations": {
            "count": 3000,
            "rate": 87.43323765552996
        },
        "http_req_blocked": {
            "max": 174.0214,
            "p(90)": 11.778779999999998,
            "p(95)": 18.649174999999936,
            "avg": 10.619287533333335,
            "min": 6.0005,
            "med": 8.35905
        }
    },
    "root_group": {
        "path": "",
        "id": "d41d8cd98f00b204e9800998ecf8427e",
        "groups": {},
        "checks": {
                "200 OK": {
                    "passes": 3000,
                    "fails": 0,
                    "name": "200 OK",
                    "path": "::200 OK",
                    "id": "e9654c443eff553da9e69eda7007924e"
                },
                "201 Created": {
                    "name": "201 Created",
                    "path": "::201 Created",
                    "id": "728dcd977aae263ca314731145e1d447",
                    "passes": 0,
                    "fails": 3000
                },
                "204 No Content": {
                    "id": "54fa3c2eda34e1622fda2da5e0479fc5",
                    "passes": 0,
                    "fails": 3000,
                    "name": "204 No Content",
                    "path": "::204 No Content"
                },
                "400 Bad Request": {
                    "name": "400 Bad Request",
                    "path": "::400 Bad Request",
                    "id": "eeae81934b9b58bccaf0184a6d070338",
                    "passes": 0,
                    "fails": 3000
                },
                "401 Unauthorized": {
                    "name": "401 Unauthorized",
                    "path": "::401 Unauthorized",
                    "id": "6ae9254e6aefe7f0bafe5102fa7e20a5",
                    "passes": 0,
                    "fails": 3000
                },
                "403 Forbidden": {
                    "path": "::403 Forbidden",
                    "id": "655548b761742c5a7ad15aa7df3a5d9c",
                    "passes": 0,
                    "fails": 3000,
                    "name": "403 Forbidden"
                },
                "404 Not Found": {
                    "name": "404 Not Found",
                    "path": "::404 Not Found",
                    "id": "df1528f9925ca236bac51008f77b774a",
                    "passes": 0,
                    "fails": 3000
                },
                "429 Too Many Requests": {
                    "name": "429 Too Many Requests",
                    "path": "::429 Too Many Requests",
                    "id": "b810c35b9499cc7342fd415032e3a6aa",
                    "passes": 0,
                    "fails": 3000
                },
                "500 Internal Server Error": {
                    "fails": 3000,
                    "name": "500 Internal Server Error",
                    "path": "::500 Internal Server Error",
                    "id": "3cd96245b24e869810efe46d533b0eef",
                    "passes": 0
                },
                "502 Bad Gateway": {
                    "path": "::502 Bad Gateway",
                    "id": "712cb0ec189a11f31f0d6d0c0031b569",
                    "passes": 0,
                    "fails": 3000,
                    "name": "502 Bad Gateway"
                },
                "503 Service Unavailable": {
                    "fails": 3000,
                    "name": "503 Service Unavailable",
                    "path": "::503 Service Unavailable",
                    "id": "f1ea1a22be0dc738c385523a66ea1cd9",
                    "passes": 0
                },
                "504 Gateway Timeout": {
                    "name": "504 Gateway Timeout",
                    "path": "::504 Gateway Timeout",
                    "id": "218efb729cb654723ccd57c6ebbebe29",
                    "passes": 0,
                    "fails": 3000
                }
            },
        "name": ""
    }
}