{
    "metrics": {
        "vus_max": {
            "max": 1000,
            "value": 1000,
            "min": 1000
        },
        "http_req_blocked": {
            "avg": 11.877134400000001,
            "min": 6.4808,
            "med": 8.17245,
            "max": 83.044,
            "p(90)": 12.212550000000002,
            "p(95)": 51.04292
        },
        "http_req_connecting": {
            "p(90)": 4.20434,
            "p(95)": 6.996655,
            "avg": 5.133887199999996,
            "min": 1.9956,
            "med": 2.91425,
            "max": 74.994
        },
        "data_sent": {
            "count": 3055000,
            "rate": 1075550.0126883215
        },
        "http_req_receiving": {
            "avg": 0.22988710000000034,
            "min": 0,
            "med": 0,
            "max": 46.1499,
            "p(90)": 0.53846,
            "p(95)": 1.0039
        },
        "vus": {
            "min": 637,
            "max": 1000,
            "value": 637
        },
        "iteration_duration": {
            "avg": 2448.2456413,
            "min": 1648.0657,
            "med": 2467.34025,
            "max": 2823.9062,
            "p(90)": 2732.45803,
            "p(95)": 2750.6809550000003
        },
        "checks": {
            "passes": 1000,
            "fails": 11000,
            "value": 0.08333333333333333
        },
        "iterations": {
            "count": 1000,
            "rate": 352.06219727931966
        },
        "http_req_duration": {
            "p(95)": 310.2522,
            "avg": 131.83716169999983,
            "min": 18.319,
            "med": 104.20445000000001,
            "max": 496.0306,
            "p(90)": 281.19245
        },
        "http_req_tls_handshaking": {
            "min": 3.7036,
            "med": 5.097099999999999,
            "max": 53.1964,
            "p(90)": 8.048570000000002,
            "p(95)": 12.030684999999998,
            "avg": 6.577206599999991
        },
        "http_req_sending": {
            "avg": 0.3391757000000001,
            "min": 0,
            "med": 0,
            "max": 43.101,
            "p(90)": 0.99851,
            "p(95)": 1.0023
        },
        "http_reqs": {
            "rate": 352.06219727931966,
            "count": 1000
        },
        "http_req_waiting": {
            "avg": 131.26809889999987,
            "min": 17.5388,
            "med": 103.7004,
            "max": 495.0311,
            "p(90)": 280.53495000000004,
            "p(95)": 309.735685
        },
        "data_received": {
            "count": 4090448,
            "rate": 1440092.1107367985
        },
        "http_req_failed": {
            "passes": 1000,
            "fails": 0,
            "value": 1
        }
    },
    "root_group": {
        "groups": {},
        "checks": {
                "200 OK": {
                    "name": "200 OK",
                    "path": "::200 OK",
                    "id": "e9654c443eff553da9e69eda7007924e",
                    "passes": 0,
                    "fails": 1000
                },
                "201 Created": {
                    "name": "201 Created",
                    "path": "::201 Created",
                    "id": "728dcd977aae263ca314731145e1d447",
                    "passes": 0,
                    "fails": 1000
                },
                "204 No Content": {
                    "path": "::204 No Content",
                    "id": "54fa3c2eda34e1622fda2da5e0479fc5",
                    "passes": 0,
                    "fails": 1000,
                    "name": "204 No Content"
                },
                "400 Bad Request": {
                    "path": "::400 Bad Request",
                    "id": "eeae81934b9b58bccaf0184a6d070338",
                    "passes": 0,
                    "fails": 1000,
                    "name": "400 Bad Request"
                },
                "401 Unauthorized": {
                    "passes": 0,
                    "fails": 1000,
                    "name": "401 Unauthorized",
                    "path": "::401 Unauthorized",
                    "id": "6ae9254e6aefe7f0bafe5102fa7e20a5"
                },
                "403 Forbidden": {
                    "name": "403 Forbidden",
                    "path": "::403 Forbidden",
                    "id": "655548b761742c5a7ad15aa7df3a5d9c",
                    "passes": 0,
                    "fails": 1000
                },
                "404 Not Found": {
                    "passes": 0,
                    "fails": 1000,
                    "name": "404 Not Found",
                    "path": "::404 Not Found",
                    "id": "df1528f9925ca236bac51008f77b774a"
                },
                "429 Too Many Requests": {
                    "path": "::429 Too Many Requests",
                    "id": "b810c35b9499cc7342fd415032e3a6aa",
                    "passes": 0,
                    "fails": 1000,
                    "name": "429 Too Many Requests"
                },
                "500 Internal Server Error": {
                    "id": "3cd96245b24e869810efe46d533b0eef",
                    "passes": 1000,
                    "fails": 0,
                    "name": "500 Internal Server Error",
                    "path": "::500 Internal Server Error"
                },
                "502 Bad Gateway": {
                    "name": "502 Bad Gateway",
                    "path": "::502 Bad Gateway",
                    "id": "712cb0ec189a11f31f0d6d0c0031b569",
                    "passes": 0,
                    "fails": 1000
                },
                "503 Service Unavailable": {
                    "passes": 0,
                    "fails": 1000,
                    "name": "503 Service Unavailable",
                    "path": "::503 Service Unavailable",
                    "id": "f1ea1a22be0dc738c385523a66ea1cd9"
                },
                "504 Gateway Timeout": {
                    "passes": 0,
                    "fails": 1000,
                    "name": "504 Gateway Timeout",
                    "path": "::504 Gateway Timeout",
                    "id": "218efb729cb654723ccd57c6ebbebe29"
                }
            },
        "name": "",
        "path": "",
        "id": "d41d8cd98f00b204e9800998ecf8427e"
    }
}