{
    "metrics": {
        "checks": {
            "passes": 900,
            "fails": 9900,
            "value": 0.08333333333333333
        },
        "http_reqs": {
            "count": 900,
            "rate": 307.29697145176993
        },
        "http_req_receiving": {
            "p(95)": 1.0065,
            "avg": 0.2270853333333333,
            "min": 0,
            "med": 0,
            "max": 8.0002,
            "p(90)": 0.9993099999999999
        },
        "http_req_duration": {
            "p(90)": 242.47924000000003,
            "p(95)": 271.62521,
            "avg": 108.26457255555553,
            "min": 24.8583,
            "med": 78.0666,
            "max": 472.7899
        },
        "data_received": {
            "rate": 1276984.856746688,
            "count": 3739986
        },
        "http_req_sending": {
            "max": 16.031,
            "p(90)": 1.0017,
            "p(95)": 1.0185199999999999,
            "avg": 0.44665222222222195,
            "min": 0,
            "med": 0
        },
        "http_req_failed": {
            "passes": 0,
            "fails": 900,
            "value": 0
        },
        "vus": {
            "min": 489,
            "max": 900,
            "value": 489
        },
        "iteration_duration": {
            "min": 1275.9667,
            "med": 2524.93925,
            "max": 2925.9215,
            "p(90)": 2835.73115,
            "p(95)": 2875.25202,
            "avg": 2507.456597333334
        },
        "iterations": {
            "count": 900,
            "rate": 307.29697145176993
        },
        "data_sent": {
            "count": 2686500,
            "rate": 917281.4597835332
        },
        "http_req_duration{expected_response:true}": {
            "p(90)": 242.47924000000003,
            "p(95)": 271.62521,
            "avg": 108.26457255555553,
            "min": 24.8583,
            "med": 78.0666,
            "max": 472.7899
        },
        "http_req_waiting": {
            "max": 471.7925,
            "p(90)": 242.47924000000003,
            "p(95)": 271.151825,
            "avg": 107.59083499999996,
            "min": 24.8583,
            "med": 76.97540000000001
        },
        "vus_max": {
            "value": 900,
            "min": 900,
            "max": 900
        },
        "http_req_blocked": {
            "max": 58.0037,
            "p(90)": 11.174529999999999,
            "p(95)": 12.997024999999999,
            "avg": 9.723710888888897,
            "min": 6.5355,
            "med": 8.3167
        },
        "http_req_tls_handshaking": {
            "min": 3.7291,
            "med": 5.05165,
            "max": 53.5125,
            "p(90)": 7.00094,
            "p(95)": 8.00199,
            "avg": 5.905685999999999
        },
        "http_req_connecting": {
            "avg": 3.53792988888889,
            "min": 1.9904,
            "med": 2.9978,
            "max": 50.0475,
            "p(90)": 4.067030000000001,
            "p(95)": 5.006189999999999
        }
    },
    "root_group": {
        "checks": {
            "200 OK": {
                "fails": 0,
                "name": "200 OK",
                "path": "::200 OK",
                "id": "e9654c443eff553da9e69eda7007924e",
                "passes": 900
            },
            "201 Created": {
                "fails": 900,
                "name": "201 Created",
                "path": "::201 Created",
                "id": "728dcd977aae263ca314731145e1d447",
                "passes": 0
            },
            "204 No Content": {
                "passes": 0,
                "fails": 900,
                "name": "204 No Content",
                "path": "::204 No Content",
                "id": "54fa3c2eda34e1622fda2da5e0479fc5"
            },
            "400 Bad Request": {
                "passes": 0,
                "fails": 900,
                "name": "400 Bad Request",
                "path": "::400 Bad Request",
                "id": "eeae81934b9b58bccaf0184a6d070338"
            },
            "401 Unauthorized": {
                "id": "6ae9254e6aefe7f0bafe5102fa7e20a5",
                "passes": 0,
                "fails": 900,
                "name": "401 Unauthorized",
                "path": "::401 Unauthorized"
            },
            "403 Forbidden": {
                "id": "655548b761742c5a7ad15aa7df3a5d9c",
                "passes": 0,
                "fails": 900,
                "name": "403 Forbidden",
                "path": "::403 Forbidden"
            },
            "404 Not Found": {
                "name": "404 Not Found",
                "path": "::404 Not Found",
                "id": "df1528f9925ca236bac51008f77b774a",
                "passes": 0,
                "fails": 900
            },
            "429 Too Many Requests": {
                "fails": 900,
                "name": "429 Too Many Requests",
                "path": "::429 Too Many Requests",
                "id": "b810c35b9499cc7342fd415032e3a6aa",
                "passes": 0
            },
            "500 Internal Server Error": {
                "name": "500 Internal Server Error",
                "path": "::500 Internal Server Error",
                "id": "3cd96245b24e869810efe46d533b0eef",
                "passes": 0,
                "fails": 900
            },
            "502 Bad Gateway": {
                "name": "502 Bad Gateway",
                "path": "::502 Bad Gateway",
                "id": "712cb0ec189a11f31f0d6d0c0031b569",
                "passes": 0,
                "fails": 900
            },
            "503 Service Unavailable": {
                "fails": 900,
                "name": "503 Service Unavailable",
                "path": "::503 Service Unavailable",
                "id": "f1ea1a22be0dc738c385523a66ea1cd9",
                "passes": 0
            },
            "504 Gateway Timeout": {
                "name": "504 Gateway Timeout",
                "path": "::504 Gateway Timeout",
                "id": "218efb729cb654723ccd57c6ebbebe29",
                "passes": 0,
                "fails": 900
            }
        },
        "name": "",
        "path": "",
        "id": "d41d8cd98f00b204e9800998ecf8427e",
        "groups": {}
    }
}