{
    "metrics": {
        "http_req_sending": {
            "med": 0,
            "max": 1.01,
            "p(90)": 0.5988900000000001,
            "p(95)": 0.999,
            "avg": 0.23482919999999993,
            "min": 0
        },
        "iteration_duration": {
            "p(90)": 20219.30528,
            "p(95)": 20240.264404999998,
            "avg": 16604.652579300015,
            "min": 2251.5893,
            "med": 19209.5059,
            "max": 20558.9421
        },
        "http_req_failed": {
            "passes": 0,
            "fails": 1000,
            "value": 0
        },
        "http_reqs": {
            "count": 1000,
            "rate": 48.59312881884896
        },
        "http_req_duration": {
            "med": 17621.34715,
            "max": 19118.154,
            "p(90)": 18606.7874,
            "p(95)": 18865.382759999997,
            "avg": 15235.304724200018,
            "min": 1154.5677
        },
        "http_req_receiving": {
            "p(95)": 0.5184699999999999,
            "avg": 0.048486900000000006,
            "min": 0,
            "med": 0,
            "max": 1.0929,
            "p(90)": 0.03783000000000001
        },
        "checks": {
            "passes": 1000,
            "fails": 11000,
            "value": 0.08333333333333333
        },
        "vus_max": {
            "value": 1000,
            "min": 1000,
            "max": 1000
        },
        "data_sent": {
            "count": 1689817,
            "rate": 82113.4951612809
        },
        "http_req_duration{expected_response:true}": {
            "max": 19118.154,
            "p(90)": 18606.7874,
            "p(95)": 18865.382759999997,
            "avg": 15235.304724200018,
            "min": 1154.5677,
            "med": 17621.34715
        },
        "http_req_blocked": {
            "p(95)": 782.3162349999999,
            "avg": 368.66511739999964,
            "min": 11.9947,
            "med": 339.75620000000004,
            "max": 823.8016,
            "p(90)": 743.8145900000001
        },
        "http_req_waiting": {
            "p(90)": 18606.7874,
            "p(95)": 18864.82518,
            "avg": 15235.021408099996,
            "min": 1154.5677,
            "med": 17620.78775,
            "max": 19118.154
        },
        "data_received": {
            "count": 4307610,
            "rate": 209320.24763136197
        },
        "iterations": {
            "count": 1000,
            "rate": 48.59312881884896
        },
        "http_req_connecting": {
            "avg": 57.361036400000025,
            "min": 1.9921,
            "med": 58.9974,
            "max": 110.0001,
            "p(90)": 84.0055,
            "p(95)": 88.0044
        },
        "http_req_tls_handshaking": {
            "p(90)": 662.41667,
            "p(95)": 707.23237,
            "avg": 310.6591680000002,
            "min": 4.0012,
            "med": 286.2111,
            "max": 749.7996
        },
        "vus": {
            "value": 7,
            "min": 7,
            "max": 1000
        }
    },
    "root_group": {
        "name": "",
        "path": "",
        "id": "d41d8cd98f00b204e9800998ecf8427e",
        "groups": {},
        "checks": {
                "200 OK": {
                    "name": "200 OK",
                    "path": "::200 OK",
                    "id": "e9654c443eff553da9e69eda7007924e",
                    "passes": 1000,
                    "fails": 0
                },
                "201 Created": {
                    "path": "::201 Created",
                    "id": "728dcd977aae263ca314731145e1d447",
                    "passes": 0,
                    "fails": 1000,
                    "name": "201 Created"
                },
                "204 No Content": {
                    "passes": 0,
                    "fails": 1000,
                    "name": "204 No Content",
                    "path": "::204 No Content",
                    "id": "54fa3c2eda34e1622fda2da5e0479fc5"
                },
                "400 Bad Request": {
                    "passes": 0,
                    "fails": 1000,
                    "name": "400 Bad Request",
                    "path": "::400 Bad Request",
                    "id": "eeae81934b9b58bccaf0184a6d070338"
                },
                "401 Unauthorized": {
                    "passes": 0,
                    "fails": 1000,
                    "name": "401 Unauthorized",
                    "path": "::401 Unauthorized",
                    "id": "6ae9254e6aefe7f0bafe5102fa7e20a5"
                },
                "403 Forbidden": {
                    "name": "403 Forbidden",
                    "path": "::403 Forbidden",
                    "id": "655548b761742c5a7ad15aa7df3a5d9c",
                    "passes": 0,
                    "fails": 1000
                },
                "404 Not Found": {
                    "name": "404 Not Found",
                    "path": "::404 Not Found",
                    "id": "df1528f9925ca236bac51008f77b774a",
                    "passes": 0,
                    "fails": 1000
                },
                "429 Too Many Requests": {
                    "passes": 0,
                    "fails": 1000,
                    "name": "429 Too Many Requests",
                    "path": "::429 Too Many Requests",
                    "id": "b810c35b9499cc7342fd415032e3a6aa"
                },
                "500 Internal Server Error": {
                    "name": "500 Internal Server Error",
                    "path": "::500 Internal Server Error",
                    "id": "3cd96245b24e869810efe46d533b0eef",
                    "passes": 0,
                    "fails": 1000
                },
                "502 Bad Gateway": {
                    "fails": 1000,
                    "name": "502 Bad Gateway",
                    "path": "::502 Bad Gateway",
                    "id": "712cb0ec189a11f31f0d6d0c0031b569",
                    "passes": 0
                },
                "503 Service Unavailable": {
                    "name": "503 Service Unavailable",
                    "path": "::503 Service Unavailable",
                    "id": "f1ea1a22be0dc738c385523a66ea1cd9",
                    "passes": 0,
                    "fails": 1000
                },
                "504 Gateway Timeout": {
                    "id": "218efb729cb654723ccd57c6ebbebe29",
                    "passes": 0,
                    "fails": 1000,
                    "name": "504 Gateway Timeout",
                    "path": "::504 Gateway Timeout"
                }
            }
    }
}