{
    "metrics": {
        "http_reqs": {
            "count": 1,
            "rate": 0.4033061261676267
        },
        "vus": {
            "value": 1,
            "min": 1,
            "max": 1
        },
        "http_req_failed": {
            "passes": 0,
            "fails": 1,
            "value": 0
        },
        "http_req_blocked": {
            "avg": 17.9214,
            "min": 17.9214,
            "med": 17.9214,
            "max": 17.9214,
            "p(90)": 17.9214,
            "p(95)": 17.9214
        },
        "http_req_sending": {
            "avg": 0.556,
            "min": 0.556,
            "med": 0.556,
            "max": 0.556,
            "p(90)": 0.556,
            "p(95)": 0.556
        },
        "data_sent": {
            "count": 1485,
            "rate": 598.9095973589257
        },
        "data_received": {
            "count": 4740,
            "rate": 1911.6710380345505
        },
        "http_req_connecting": {
            "p(95)": 3.5173,
            "avg": 3.5173,
            "min": 3.5173,
            "med": 3.5173,
            "max": 3.5173,
            "p(90)": 3.5173
        },
        "iterations": {
            "count": 1,
            "rate": 0.4033061261676267
        },
        "http_req_receiving": {
            "med": 0,
            "max": 0,
            "p(90)": 0,
            "p(95)": 0,
            "avg": 0,
            "min": 0
        },
        "dropped_iterations": {
            "count": 1,
            "rate": 0.4033061261676267
        },
        "http_req_duration": {
            "p(90)": 1458.4779,
            "p(95)": 1458.4779,
            "avg": 1458.4779,
            "min": 1458.4779,
            "med": 1458.4779,
            "max": 1458.4779
        },
        "vus_max": {
            "min": 1,
            "max": 1,
            "value": 1
        },
        "http_req_duration{expected_response:true}": {
            "avg": 1458.4779,
            "min": 1458.4779,
            "med": 1458.4779,
            "max": 1458.4779,
            "p(90)": 1458.4779,
            "p(95)": 1458.4779
        },
        "http_req_waiting": {
            "min": 1457.9219,
            "med": 1457.9219,
            "max": 1457.9219,
            "p(90)": 1457.9219,
            "p(95)": 1457.9219,
            "avg": 1457.9219
        },
        "http_req_tls_handshaking": {
            "min": 4.8429,
            "med": 4.8429,
            "max": 4.8429,
            "p(90)": 4.8429,
            "p(95)": 4.8429,
            "avg": 4.8429
        },
        "checks": {
            "passes": 1,
            "fails": 11,
            "value": 0.08333333333333333
        },
        "iteration_duration": {
            "p(90)": 2478.4987,
            "p(95)": 2478.4987,
            "avg": 2478.4987,
            "min": 2478.4987,
            "med": 2478.4987,
            "max": 2478.4987
        }
    },
    "root_group": {
        "name": "",
        "path": "",
        "id": "d41d8cd98f00b204e9800998ecf8427e",
        "groups": {},
        "checks": {
                "200 OK": {
                    "name": "200 OK",
                    "path": "::200 OK",
                    "id": "e9654c443eff553da9e69eda7007924e",
                    "passes": 1,
                    "fails": 0
                },
                "201 Created": {
                    "path": "::201 Created",
                    "id": "728dcd977aae263ca314731145e1d447",
                    "passes": 0,
                    "fails": 1,
                    "name": "201 Created"
                },
                "204 No Content": {
                    "name": "204 No Content",
                    "path": "::204 No Content",
                    "id": "54fa3c2eda34e1622fda2da5e0479fc5",
                    "passes": 0,
                    "fails": 1
                },
                "400 Bad Request": {
                    "path": "::400 Bad Request",
                    "id": "eeae81934b9b58bccaf0184a6d070338",
                    "passes": 0,
                    "fails": 1,
                    "name": "400 Bad Request"
                },
                "401 Unauthorized": {
                    "path": "::401 Unauthorized",
                    "id": "6ae9254e6aefe7f0bafe5102fa7e20a5",
                    "passes": 0,
                    "fails": 1,
                    "name": "401 Unauthorized"
                },
                "403 Forbidden": {
                    "name": "403 Forbidden",
                    "path": "::403 Forbidden",
                    "id": "655548b761742c5a7ad15aa7df3a5d9c",
                    "passes": 0,
                    "fails": 1
                },
                "404 Not Found": {
                    "name": "404 Not Found",
                    "path": "::404 Not Found",
                    "id": "df1528f9925ca236bac51008f77b774a",
                    "passes": 0,
                    "fails": 1
                },
                "429 Too Many Requests": {
                    "passes": 0,
                    "fails": 1,
                    "name": "429 Too Many Requests",
                    "path": "::429 Too Many Requests",
                    "id": "b810c35b9499cc7342fd415032e3a6aa"
                },
                "500 Internal Server Error": {
                    "passes": 0,
                    "fails": 1,
                    "name": "500 Internal Server Error",
                    "path": "::500 Internal Server Error",
                    "id": "3cd96245b24e869810efe46d533b0eef"
                },
                "502 Bad Gateway": {
                    "name": "502 Bad Gateway",
                    "path": "::502 Bad Gateway",
                    "id": "712cb0ec189a11f31f0d6d0c0031b569",
                    "passes": 0,
                    "fails": 1
                },
                "503 Service Unavailable": {
                    "name": "503 Service Unavailable",
                    "path": "::503 Service Unavailable",
                    "id": "f1ea1a22be0dc738c385523a66ea1cd9",
                    "passes": 0,
                    "fails": 1
                },
                "504 Gateway Timeout": {
                    "passes": 0,
                    "fails": 1,
                    "name": "504 Gateway Timeout",
                    "path": "::504 Gateway Timeout",
                    "id": "218efb729cb654723ccd57c6ebbebe29"
                }
            }
    }
}