{
    "metrics": {
        "iteration_duration": {
            "p(90)": 2699.0213300000005,
            "p(95)": 2788.26181,
            "avg": 2162.5853340714316,
            "min": 1213.4267,
            "med": 2353.8464000000004,
            "max": 2911.9764
        },
        "checks": {
            "passes": 1400,
            "fails": 15400,
            "value": 0.08333333333333333
        },
        "http_reqs": {
            "rate": 465.1970780838612,
            "count": 1400
        },
        "data_sent": {
            "count": 4179000,
            "rate": 1388613.2780803256
        },
        "vus": {
            "min": 836,
            "max": 1400,
            "value": 851
        },
        "http_req_waiting": {
            "avg": 841.6315127857135,
            "min": 78.015,
            "med": 833.0842,
            "max": 1566.3022,
            "p(90)": 1298.9770600000002,
            "p(95)": 1391.49453
        },
        "vus_max": {
            "value": 1400,
            "min": 1400,
            "max": 1400
        },
        "http_req_connecting": {
            "p(90)": 95.98145000000001,
            "p(95)": 98.8304,
            "avg": 78.76124878571423,
            "min": 27.0025,
            "med": 81.53025,
            "max": 104.4746
        },
        "http_req_failed": {
            "passes": 0,
            "fails": 1400,
            "value": 0
        },
        "http_req_duration{expected_response:true}": {
            "min": 78.015,
            "med": 833.5053,
            "max": 1566.3022,
            "p(90)": 1299.1904200000001,
            "p(95)": 1391.49453,
            "avg": 842.0724293571421
        },
        "http_req_tls_handshaking": {
            "max": 690.3976,
            "p(90)": 565.85792,
            "p(95)": 631.198235,
            "avg": 240.28359607142858,
            "min": 25.8879,
            "med": 168.3656
        },
        "data_received": {
            "count": 5801600,
            "rate": 1927776.6915795207
        },
        "iterations": {
            "rate": 465.1970780838612,
            "count": 1400
        },
        "http_req_duration": {
            "avg": 842.0724293571421,
            "min": 78.015,
            "med": 833.5053,
            "max": 1566.3022,
            "p(90)": 1299.1904200000001,
            "p(95)": 1391.49453
        },
        "http_req_receiving": {
            "avg": 0.09290878571428575,
            "min": 0,
            "med": 0,
            "max": 23.0569,
            "p(90)": 0.5118,
            "p(95)": 0.552815
        },
        "http_req_blocked": {
            "min": 81.9997,
            "med": 255.52089999999998,
            "max": 754.11,
            "p(90)": 632.7993800000002,
            "p(95)": 694.3494799999999,
            "avg": 319.5640540000002
        },
        "http_req_sending": {
            "med": 0,
            "max": 17.0016,
            "p(90)": 0.9997100000000001,
            "p(95)": 1.0032100000000002,
            "avg": 0.3480077857142858,
            "min": 0
        }
    },
    "root_group": {
        "name": "",
        "path": "",
        "id": "d41d8cd98f00b204e9800998ecf8427e",
        "groups": {},
        "checks": {
                "200 OK": {
                    "passes": 1400,
                    "fails": 0,
                    "name": "200 OK",
                    "path": "::200 OK",
                    "id": "e9654c443eff553da9e69eda7007924e"
                },
                "201 Created": {
                    "name": "201 Created",
                    "path": "::201 Created",
                    "id": "728dcd977aae263ca314731145e1d447",
                    "passes": 0,
                    "fails": 1400
                },
                "204 No Content": {
                    "path": "::204 No Content",
                    "id": "54fa3c2eda34e1622fda2da5e0479fc5",
                    "passes": 0,
                    "fails": 1400,
                    "name": "204 No Content"
                },
                "400 Bad Request": {
                    "id": "eeae81934b9b58bccaf0184a6d070338",
                    "passes": 0,
                    "fails": 1400,
                    "name": "400 Bad Request",
                    "path": "::400 Bad Request"
                },
                "401 Unauthorized": {
                    "name": "401 Unauthorized",
                    "path": "::401 Unauthorized",
                    "id": "6ae9254e6aefe7f0bafe5102fa7e20a5",
                    "passes": 0,
                    "fails": 1400
                },
                "403 Forbidden": {
                    "path": "::403 Forbidden",
                    "id": "655548b761742c5a7ad15aa7df3a5d9c",
                    "passes": 0,
                    "fails": 1400,
                    "name": "403 Forbidden"
                },
                "404 Not Found": {
                    "name": "404 Not Found",
                    "path": "::404 Not Found",
                    "id": "df1528f9925ca236bac51008f77b774a",
                    "passes": 0,
                    "fails": 1400
                },
                "429 Too Many Requests": {
                    "name": "429 Too Many Requests",
                    "path": "::429 Too Many Requests",
                    "id": "b810c35b9499cc7342fd415032e3a6aa",
                    "passes": 0,
                    "fails": 1400
                },
                "500 Internal Server Error": {
                    "name": "500 Internal Server Error",
                    "path": "::500 Internal Server Error",
                    "id": "3cd96245b24e869810efe46d533b0eef",
                    "passes": 0,
                    "fails": 1400
                },
                "502 Bad Gateway": {
                    "fails": 1400,
                    "name": "502 Bad Gateway",
                    "path": "::502 Bad Gateway",
                    "id": "712cb0ec189a11f31f0d6d0c0031b569",
                    "passes": 0
                },
                "503 Service Unavailable": {
                    "name": "503 Service Unavailable",
                    "path": "::503 Service Unavailable",
                    "id": "f1ea1a22be0dc738c385523a66ea1cd9",
                    "passes": 0,
                    "fails": 1400
                },
                "504 Gateway Timeout": {
                    "path": "::504 Gateway Timeout",
                    "id": "218efb729cb654723ccd57c6ebbebe29",
                    "passes": 0,
                    "fails": 1400,
                    "name": "504 Gateway Timeout"
                }
            }
    }
}