{
    "metrics": {
        "http_req_blocked": {
            "avg": 1.1536469663512094,
            "min": 0,
            "med": 0,
            "max": 147.0892,
            "p(90)": 0,
            "p(95)": 0
        },
        "http_req_failed": {
            "fails": 19020,
            "passes": 0,
            "value": 0
        },
        "checks": {
            "passes": 19020,
            "fails": 209220,
            "value": 0.08333333333333333
        },
        "http_req_duration{expected_response:true}": {
            "avg": 38.61520401156677,
            "min": 17.8402,
            "med": 28.96965,
            "max": 524.6875,
            "p(90)": 52.50965000000001,
            "p(95)": 70.77719499999998
        },
        "data_received": {
            "count": 11439440,
            "rate": 181545.93816442924
        },
        "http_req_receiving": {
            "p(95)": 0.5432049999999999,
            "avg": 0.058559405888538404,
            "min": 0,
            "med": 0,
            "max": 32.8313,
            "p(90)": 0.04491000000000022
        },
        "http_req_connecting": {
            "med": 0,
            "max": 11.8409,
            "p(90)": 0,
            "p(95)": 0,
            "avg": 0.1297512723449002,
            "min": 0
        },
        "http_req_tls_handshaking": {
            "p(95)": 0,
            "avg": 1.014201850683491,
            "min": 0,
            "med": 0,
            "max": 140.5663,
            "p(90)": 0
        },
        "vus_max": {
            "value": 317,
            "min": 317,
            "max": 317
        },
        "http_reqs": {
            "count": 19020,
            "rate": 301.85076751024917
        },
        "http_req_waiting": {
            "p(95)": 70.59893999999998,
            "avg": 38.50648837539421,
            "min": 17.8402,
            "med": 28.895699999999998,
            "max": 524.1391,
            "p(90)": 52.343720000000005
        },
        "iteration_duration": {
            "p(95)": 1072.551855,
            "avg": 1040.551983086223,
            "min": 1018.109,
            "med": 1029.62045,
            "max": 1564.5959,
            "p(90)": 1053.81087
        },
        "vus": {
            "value": 39,
            "min": 39,
            "max": 317
        },
        "http_req_sending": {
            "p(90)": 0.23323000000000066,
            "p(95)": 0.3656049999999999,
            "avg": 0.0501562302839116,
            "min": 0,
            "med": 0,
            "max": 12.4857
        },
        "data_sent": {
            "count": 19021146,
            "rate": 301868.9547331496
        },
        "iterations": {
            "count": 19020,
            "rate": 301.85076751024917
        },
        "http_req_duration": {
            "avg": 38.61520401156677,
            "min": 17.8402,
            "med": 28.96965,
            "max": 524.6875,
            "p(90)": 52.50965000000001,
            "p(95)": 70.77719499999998
        }
    },
    "root_group": {
        "checks": {
            "200 OK": {
                "fails": 0,
                "name": "200 OK",
                "path": "::200 OK",
                "id": "e9654c443eff553da9e69eda7007924e",
                "passes": 19020
            },
            "201 Created": {
                "id": "728dcd977aae263ca314731145e1d447",
                "passes": 0,
                "fails": 19020,
                "name": "201 Created",
                "path": "::201 Created"
            },
            "204 No Content": {
                "name": "204 No Content",
                "path": "::204 No Content",
                "id": "54fa3c2eda34e1622fda2da5e0479fc5",
                "passes": 0,
                "fails": 19020
            },
            "400 Bad Request": {
                "fails": 19020,
                "name": "400 Bad Request",
                "path": "::400 Bad Request",
                "id": "eeae81934b9b58bccaf0184a6d070338",
                "passes": 0
            },
            "401 Unauthorized": {
                "name": "401 Unauthorized",
                "path": "::401 Unauthorized",
                "id": "6ae9254e6aefe7f0bafe5102fa7e20a5",
                "passes": 0,
                "fails": 19020
            },
            "403 Forbidden": {
                "name": "403 Forbidden",
                "path": "::403 Forbidden",
                "id": "655548b761742c5a7ad15aa7df3a5d9c",
                "passes": 0,
                "fails": 19020
            },
            "404 Not Found": {
                "name": "404 Not Found",
                "path": "::404 Not Found",
                "id": "df1528f9925ca236bac51008f77b774a",
                "passes": 0,
                "fails": 19020
            },
            "429 Too Many Requests": {
                "name": "429 Too Many Requests",
                "path": "::429 Too Many Requests",
                "id": "b810c35b9499cc7342fd415032e3a6aa",
                "passes": 0,
                "fails": 19020
            },
            "500 Internal Server Error": {
                "path": "::500 Internal Server Error",
                "id": "3cd96245b24e869810efe46d533b0eef",
                "passes": 0,
                "fails": 19020,
                "name": "500 Internal Server Error"
            },
            "502 Bad Gateway": {
                "fails": 19020,
                "name": "502 Bad Gateway",
                "path": "::502 Bad Gateway",
                "id": "712cb0ec189a11f31f0d6d0c0031b569",
                "passes": 0
            },
            "503 Service Unavailable": {
                "name": "503 Service Unavailable",
                "path": "::503 Service Unavailable",
                "id": "f1ea1a22be0dc738c385523a66ea1cd9",
                "passes": 0,
                "fails": 19020
            },
            "504 Gateway Timeout": {
                "name": "504 Gateway Timeout",
                "path": "::504 Gateway Timeout",
                "id": "218efb729cb654723ccd57c6ebbebe29",
                "passes": 0,
                "fails": 19020
            }
        },
        "name": "",
        "path": "",
        "id": "d41d8cd98f00b204e9800998ecf8427e",
        "groups": {}
    }
}