{
    "metrics": {
        "http_req_waiting": {
            "med": 41263.952300000004,
            "max": 43142.8957,
            "p(90)": 42884.81356,
            "p(95)": 42976.217235,
            "avg": 40692.19278633332,
            "min": 36227.1651
        },
        "data_received": {
            "count": 6293438,
            "rate": 141833.79268125058
        },
        "vus": {
            "value": 253,
            "min": 253,
            "max": 1500
        },
        "http_req_sending": {
            "avg": 0.31295326666666673,
            "min": 0,
            "med": 0,
            "max": 6.4868,
            "p(90)": 1.0005,
            "p(95)": 1.0024
        },
        "http_req_receiving": {
            "avg": 0.063954,
            "min": 0,
            "med": 0,
            "max": 1.1733,
            "p(90)": 0.07843000000000046,
            "p(95)": 0.5509999999999998
        },
        "iterations": {
            "count": 1500,
            "rate": 33.805161665511896
        },
        "checks": {
            "passes": 1500,
            "fails": 16500,
            "value": 0.08333333333333333
        },
        "http_reqs": {
            "rate": 33.805161665511896,
            "count": 1500
        },
        "http_req_duration{expected_response:true}": {
            "med": 41263.952300000004,
            "max": 43144.4501,
            "p(90)": 42884.87719,
            "p(95)": 42977.259105,
            "avg": 40692.56969359999,
            "min": 36227.7416
        },
        "http_req_connecting": {
            "avg": 65.47338513333331,
            "min": 1.9971,
            "med": 69.3012,
            "max": 151.3051,
            "p(90)": 97.30184,
            "p(95)": 98.30818
        },
        "http_req_failed": {
            "passes": 0,
            "fails": 1500,
            "value": 0
        },
        "data_sent": {
            "count": 4959000,
            "rate": 111759.86446618232
        },
        "http_req_tls_handshaking": {
            "avg": 193.5292745999998,
            "min": 34.9968,
            "med": 141.64815,
            "max": 564.1815,
            "p(90)": 450.62676000000016,
            "p(95)": 513.8042899999999
        },
        "vus_max": {
            "max": 1500,
            "value": 1500,
            "min": 1500
        },
        "http_req_blocked": {
            "med": 198.27165,
            "max": 705.3818,
            "p(90)": 522.03627,
            "p(95)": 583.353955,
            "avg": 261.01170739999964,
            "min": 102.998
        },
        "http_req_duration": {
            "med": 41263.952300000004,
            "max": 43144.4501,
            "p(90)": 42884.87719,
            "p(95)": 42977.259105,
            "avg": 40692.56969359999,
            "min": 36227.7416
        },
        "iteration_duration": {
            "avg": 41954.41176893339,
            "min": 37594.6899,
            "med": 42508.677299999996,
            "max": 44330.8054,
            "p(90)": 44118.33972,
            "p(95)": 44193.425525
        }
    },
    "root_group": {
        "name": "",
        "path": "",
        "id": "d41d8cd98f00b204e9800998ecf8427e",
        "groups": {},
        "checks": {
                "200 OK": {
                    "path": "::200 OK",
                    "id": "e9654c443eff553da9e69eda7007924e",
                    "passes": 1500,
                    "fails": 0,
                    "name": "200 OK"
                },
                "201 Created": {
                    "path": "::201 Created",
                    "id": "728dcd977aae263ca314731145e1d447",
                    "passes": 0,
                    "fails": 1500,
                    "name": "201 Created"
                },
                "204 No Content": {
                    "name": "204 No Content",
                    "path": "::204 No Content",
                    "id": "54fa3c2eda34e1622fda2da5e0479fc5",
                    "passes": 0,
                    "fails": 1500
                },
                "400 Bad Request": {
                    "name": "400 Bad Request",
                    "path": "::400 Bad Request",
                    "id": "eeae81934b9b58bccaf0184a6d070338",
                    "passes": 0,
                    "fails": 1500
                },
                "401 Unauthorized": {
                    "name": "401 Unauthorized",
                    "path": "::401 Unauthorized",
                    "id": "6ae9254e6aefe7f0bafe5102fa7e20a5",
                    "passes": 0,
                    "fails": 1500
                },
                "403 Forbidden": {
                    "fails": 1500,
                    "name": "403 Forbidden",
                    "path": "::403 Forbidden",
                    "id": "655548b761742c5a7ad15aa7df3a5d9c",
                    "passes": 0
                },
                "404 Not Found": {
                    "name": "404 Not Found",
                    "path": "::404 Not Found",
                    "id": "df1528f9925ca236bac51008f77b774a",
                    "passes": 0,
                    "fails": 1500
                },
                "429 Too Many Requests": {
                    "name": "429 Too Many Requests",
                    "path": "::429 Too Many Requests",
                    "id": "b810c35b9499cc7342fd415032e3a6aa",
                    "passes": 0,
                    "fails": 1500
                },
                "500 Internal Server Error": {
                    "name": "500 Internal Server Error",
                    "path": "::500 Internal Server Error",
                    "id": "3cd96245b24e869810efe46d533b0eef",
                    "passes": 0,
                    "fails": 1500
                },
                "502 Bad Gateway": {
                    "path": "::502 Bad Gateway",
                    "id": "712cb0ec189a11f31f0d6d0c0031b569",
                    "passes": 0,
                    "fails": 1500,
                    "name": "502 Bad Gateway"
                },
                "503 Service Unavailable": {
                    "path": "::503 Service Unavailable",
                    "id": "f1ea1a22be0dc738c385523a66ea1cd9",
                    "passes": 0,
                    "fails": 1500,
                    "name": "503 Service Unavailable"
                },
                "504 Gateway Timeout": {
                    "name": "504 Gateway Timeout",
                    "path": "::504 Gateway Timeout",
                    "id": "218efb729cb654723ccd57c6ebbebe29",
                    "passes": 0,
                    "fails": 1500
                }
            }
    }
}