{
    "metrics": {
        "data_sent": {
            "count": 2635120,
            "rate": 102300.37640941954
        },
        "vus_max": {
            "min": 1000,
            "max": 1000,
            "value": 1000
        },
        "iteration_duration": {
            "med": 10833.46325,
            "max": 25749.5811,
            "p(90)": 18358.489439999998,
            "p(95)": 19636.320695,
            "avg": 11173.109947899997,
            "min": 2664.4915
        },
        "http_req_connecting": {
            "p(90)": 64.0008,
            "p(95)": 66.000435,
            "avg": 40.711711699999995,
            "min": 1.9976,
            "med": 46.0019,
            "max": 105.0032
        },
        "http_reqs": {
            "count": 1000,
            "rate": 38.82190428117867
        },
        "http_req_waiting": {
            "min": 1619.8081,
            "med": 9637.645700000001,
            "max": 24076.5778,
            "p(90)": 16815.57029,
            "p(95)": 18033.100704999997,
            "avg": 9909.313020200012
        },
        "http_req_duration": {
            "p(90)": 16818.7692,
            "p(95)": 18036.056609999996,
            "avg": 9912.3148172,
            "min": 1623.7123,
            "med": 9640.0786,
            "max": 24079.0648
        },
        "http_req_tls_handshaking": {
            "avg": 218.38573789999984,
            "min": 4.9977,
            "med": 168.71859999999998,
            "max": 613.4422,
            "p(90)": 482.53157,
            "p(95)": 554.2484
        },
        "http_req_receiving": {
            "med": 2.77705,
            "max": 41.0734,
            "p(90)": 3.2592,
            "p(95)": 3.6080399999999995,
            "avg": 2.8226340999999993,
            "min": 0
        },
        "vus": {
            "value": 1,
            "min": 1,
            "max": 1000
        },
        "http_req_blocked": {
            "avg": 260.00572129999983,
            "min": 12.9976,
            "med": 216.99020000000002,
            "max": 681.6721,
            "p(90)": 523.5379,
            "p(95)": 627.458725
        },
        "data_received": {
            "count": 22644639,
            "rate": 879108.0077398454
        },
        "http_req_failed": {
            "passes": 0,
            "fails": 1000,
            "value": 0
        },
        "iterations": {
            "count": 1000,
            "rate": 38.82190428117867
        },
        "http_req_duration{expected_response:true}": {
            "p(90)": 16818.7692,
            "p(95)": 18036.056609999996,
            "avg": 9912.3148172,
            "min": 1623.7123,
            "med": 9640.0786,
            "max": 24079.0648
        },
        "checks": {
            "passes": 1000,
            "fails": 11000,
            "value": 0.08333333333333333
        },
        "http_req_sending": {
            "med": 0,
            "max": 5.0014,
            "p(90)": 0.9963099999999999,
            "p(95)": 1.0001,
            "avg": 0.1791629,
            "min": 0
        }
    },
    "root_group": {
        "name": "",
        "path": "",
        "id": "d41d8cd98f00b204e9800998ecf8427e",
        "groups": {},
        "checks": {
                "200 OK": {
                    "fails": 0,
                    "name": "200 OK",
                    "path": "::200 OK",
                    "id": "e9654c443eff553da9e69eda7007924e",
                    "passes": 1000
                },
                "201 Created": {
                    "id": "728dcd977aae263ca314731145e1d447",
                    "passes": 0,
                    "fails": 1000,
                    "name": "201 Created",
                    "path": "::201 Created"
                },
                "204 No Content": {
                    "id": "54fa3c2eda34e1622fda2da5e0479fc5",
                    "passes": 0,
                    "fails": 1000,
                    "name": "204 No Content",
                    "path": "::204 No Content"
                },
                "400 Bad Request": {
                    "name": "400 Bad Request",
                    "path": "::400 Bad Request",
                    "id": "eeae81934b9b58bccaf0184a6d070338",
                    "passes": 0,
                    "fails": 1000
                },
                "401 Unauthorized": {
                    "id": "6ae9254e6aefe7f0bafe5102fa7e20a5",
                    "passes": 0,
                    "fails": 1000,
                    "name": "401 Unauthorized",
                    "path": "::401 Unauthorized"
                },
                "403 Forbidden": {
                    "id": "655548b761742c5a7ad15aa7df3a5d9c",
                    "passes": 0,
                    "fails": 1000,
                    "name": "403 Forbidden",
                    "path": "::403 Forbidden"
                },
                "404 Not Found": {
                    "id": "df1528f9925ca236bac51008f77b774a",
                    "passes": 0,
                    "fails": 1000,
                    "name": "404 Not Found",
                    "path": "::404 Not Found"
                },
                "429 Too Many Requests": {
                    "name": "429 Too Many Requests",
                    "path": "::429 Too Many Requests",
                    "id": "b810c35b9499cc7342fd415032e3a6aa",
                    "passes": 0,
                    "fails": 1000
                },
                "500 Internal Server Error": {
                    "name": "500 Internal Server Error",
                    "path": "::500 Internal Server Error",
                    "id": "3cd96245b24e869810efe46d533b0eef",
                    "passes": 0,
                    "fails": 1000
                },
                "502 Bad Gateway": {
                    "passes": 0,
                    "fails": 1000,
                    "name": "502 Bad Gateway",
                    "path": "::502 Bad Gateway",
                    "id": "712cb0ec189a11f31f0d6d0c0031b569"
                },
                "503 Service Unavailable": {
                    "name": "503 Service Unavailable",
                    "path": "::503 Service Unavailable",
                    "id": "f1ea1a22be0dc738c385523a66ea1cd9",
                    "passes": 0,
                    "fails": 1000
                },
                "504 Gateway Timeout": {
                    "path": "::504 Gateway Timeout",
                    "id": "218efb729cb654723ccd57c6ebbebe29",
                    "passes": 0,
                    "fails": 1000,
                    "name": "504 Gateway Timeout"
                }
            }
    }
}