{
    "metrics": {
        "http_req_connecting": {
            "avg": 39.707370900000015,
            "min": 16.9981,
            "med": 38.9984,
            "max": 98.2138,
            "p(90)": 54.7767,
            "p(95)": 56.047
        },
        "http_req_failed": {
            "passes": 0,
            "fails": 1000,
            "value": 0
        },
        "http_req_duration": {
            "min": 1808.1908,
            "med": 8950.47085,
            "max": 16531.9528,
            "p(90)": 15250.37636,
            "p(95)": 15931.654014999998,
            "avg": 9248.1404103
        },
        "http_reqs": {
            "rate": 55.368357905893625,
            "count": 1000
        },
        "checks": {
            "passes": 1000,
            "fails": 11000,
            "value": 0.08333333333333333
        },
        "http_req_tls_handshaking": {
            "max": 449.9739,
            "p(90)": 376.79118000000005,
            "p(95)": 415.78466999999995,
            "avg": 167.88883739999974,
            "min": 20.1626,
            "med": 125.89325
        },
        "http_req_receiving": {
            "med": 2.7632000000000003,
            "max": 205.4896,
            "p(90)": 3.30595,
            "p(95)": 3.6115,
            "avg": 3.0371805000000007,
            "min": 0
        },
        "http_req_waiting": {
            "min": 1805.4016,
            "med": 8947.51585,
            "max": 16528.4498,
            "p(90)": 15247.340209999998,
            "p(95)": 15929.128114999998,
            "avg": 9244.9202751
        },
        "http_req_sending": {
            "med": 0,
            "max": 2.999,
            "p(90)": 0.99591,
            "p(95)": 1.0000149999999999,
            "avg": 0.1829547,
            "min": 0
        },
        "vus_max": {
            "value": 1000,
            "min": 1000,
            "max": 1000
        },
        "http_req_blocked": {
            "max": 545.092,
            "p(90)": 416.16304,
            "p(95)": 454.7863899999999,
            "avg": 208.13482099999968,
            "min": 52.9976,
            "med": 165.79335
        },
        "data_received": {
            "count": 22640807,
            "rate": 1253584.3052542617
        },
        "http_req_duration{expected_response:true}": {
            "avg": 9248.1404103,
            "min": 1808.1908,
            "med": 8950.47085,
            "max": 16531.9528,
            "p(90)": 15250.37636,
            "p(95)": 15931.654014999998
        },
        "data_sent": {
            "count": 2634400,
            "rate": 145862.40206728617
        },
        "iteration_duration": {
            "min": 2909.4254,
            "med": 10081.202150000001,
            "max": 18036.9727,
            "p(90)": 16592.74656,
            "p(95)": 17357.202395,
            "avg": 10456.957463800009
        },
        "iterations": {
            "count": 1000,
            "rate": 55.368357905893625
        },
        "vus": {
            "max": 1000,
            "value": 52,
            "min": 52
        }
    },
    "root_group": {
        "name": "",
        "path": "",
        "id": "d41d8cd98f00b204e9800998ecf8427e",
        "groups": {},
        "checks": {
                "200 OK": {
                    "passes": 1000,
                    "fails": 0,
                    "name": "200 OK",
                    "path": "::200 OK",
                    "id": "e9654c443eff553da9e69eda7007924e"
                },
                "201 Created": {
                    "path": "::201 Created",
                    "id": "728dcd977aae263ca314731145e1d447",
                    "passes": 0,
                    "fails": 1000,
                    "name": "201 Created"
                },
                "204 No Content": {
                    "id": "54fa3c2eda34e1622fda2da5e0479fc5",
                    "passes": 0,
                    "fails": 1000,
                    "name": "204 No Content",
                    "path": "::204 No Content"
                },
                "400 Bad Request": {
                    "path": "::400 Bad Request",
                    "id": "eeae81934b9b58bccaf0184a6d070338",
                    "passes": 0,
                    "fails": 1000,
                    "name": "400 Bad Request"
                },
                "401 Unauthorized": {
                    "passes": 0,
                    "fails": 1000,
                    "name": "401 Unauthorized",
                    "path": "::401 Unauthorized",
                    "id": "6ae9254e6aefe7f0bafe5102fa7e20a5"
                },
                "403 Forbidden": {
                    "name": "403 Forbidden",
                    "path": "::403 Forbidden",
                    "id": "655548b761742c5a7ad15aa7df3a5d9c",
                    "passes": 0,
                    "fails": 1000
                },
                "404 Not Found": {
                    "name": "404 Not Found",
                    "path": "::404 Not Found",
                    "id": "df1528f9925ca236bac51008f77b774a",
                    "passes": 0,
                    "fails": 1000
                },
                "429 Too Many Requests": {
                    "name": "429 Too Many Requests",
                    "path": "::429 Too Many Requests",
                    "id": "b810c35b9499cc7342fd415032e3a6aa",
                    "passes": 0,
                    "fails": 1000
                },
                "500 Internal Server Error": {
                    "path": "::500 Internal Server Error",
                    "id": "3cd96245b24e869810efe46d533b0eef",
                    "passes": 0,
                    "fails": 1000,
                    "name": "500 Internal Server Error"
                },
                "502 Bad Gateway": {
                    "fails": 1000,
                    "name": "502 Bad Gateway",
                    "path": "::502 Bad Gateway",
                    "id": "712cb0ec189a11f31f0d6d0c0031b569",
                    "passes": 0
                },
                "503 Service Unavailable": {
                    "passes": 0,
                    "fails": 1000,
                    "name": "503 Service Unavailable",
                    "path": "::503 Service Unavailable",
                    "id": "f1ea1a22be0dc738c385523a66ea1cd9"
                },
                "504 Gateway Timeout": {
                    "passes": 0,
                    "fails": 1000,
                    "name": "504 Gateway Timeout",
                    "path": "::504 Gateway Timeout",
                    "id": "218efb729cb654723ccd57c6ebbebe29"
                }
            }
    }
}