{
    "metrics": {
        "iterations": {
            "count": 1750,
            "rate": 33.94474267627241
        },
        "http_req_duration{expected_response:true}": {
            "p(95)": 49973.2386,
            "avg": 41608.39576144668,
            "min": 3557.4306,
            "med": 46860.2081,
            "max": 50260.9362,
            "p(90)": 49461.679
        },
        "vus_max": {
            "value": 1750,
            "min": 1284,
            "max": 1750
        },
        "http_req_sending": {
            "p(90)": 1.0001,
            "p(95)": 1.0017,
            "avg": 0.36530371428571407,
            "min": 0,
            "med": 0,
            "max": 19.0452
        },
        "http_req_blocked": {
            "avg": 320.83790514285647,
            "min": 66.6906,
            "med": 241.1506,
            "max": 1000.9014,
            "p(90)": 685.61688,
            "p(95)": 731.8097899999999
        },
        "http_req_failed": {
            "passes": 409,
            "fails": 1341,
            "value": 0.2337142857142857
        },
        "http_req_waiting": {
            "avg": 39429.6571720572,
            "min": 3557.4306,
            "med": 46307.4701,
            "max": 50260.9362,
            "p(90)": 49303.49924,
            "p(95)": 49864.85798
        },
        "checks": {
            "passes": 1750,
            "fails": 19250,
            "value": 0.08333333333333333
        },
        "data_received": {
            "count": 7267213,
            "rate": 140962.10014780666
        },
        "iteration_duration": {
            "med": 47658.3035,
            "max": 51538.4289,
            "p(90)": 50600.326830000005,
            "p(95)": 51135.95137,
            "avg": 40752.05269034283,
            "min": 4745.2865
        },
        "http_req_connecting": {
            "avg": 76.1500496571429,
            "min": 1.9978,
            "med": 95.79249999999999,
            "max": 274.1076,
            "p(90)": 124.9619,
            "p(95)": 127.682665
        },
        "data_sent": {
            "count": 5785500,
            "rate": 112221.31928775659
        },
        "vus": {
            "value": 182,
            "min": 0,
            "max": 1750
        },
        "http_req_tls_handshaking": {
            "max": 836.2417,
            "p(90)": 558.6454900000001,
            "p(95)": 639.67018,
            "avg": 233.03687120000026,
            "min": 31.8658,
            "med": 154.68484999999998
        },
        "http_req_receiving": {
            "avg": 0.15937462857142895,
            "min": 0,
            "med": 0,
            "max": 2.157,
            "p(90)": 0.6465,
            "p(95)": 1.0053
        },
        "http_req_duration": {
            "med": 46307.8043,
            "max": 50260.9362,
            "p(90)": 49303.50292,
            "p(95)": 49865.163175,
            "avg": 39430.18185040003,
            "min": 3557.4306
        },
        "http_reqs": {
            "count": 1750,
            "rate": 33.94474267627241
        }
    },
    "root_group": {
        "id": "d41d8cd98f00b204e9800998ecf8427e",
        "groups": {},
        "checks": {
                "200 OK": {
                    "path": "::200 OK",
                    "id": "e9654c443eff553da9e69eda7007924e",
                    "passes": 1341,
                    "fails": 409,
                    "name": "200 OK"
                },
                "201 Created": {
                    "name": "201 Created",
                    "path": "::201 Created",
                    "id": "728dcd977aae263ca314731145e1d447",
                    "passes": 0,
                    "fails": 1750
                },
                "204 No Content": {
                    "id": "54fa3c2eda34e1622fda2da5e0479fc5",
                    "passes": 0,
                    "fails": 1750,
                    "name": "204 No Content",
                    "path": "::204 No Content"
                },
                "400 Bad Request": {
                    "fails": 1750,
                    "name": "400 Bad Request",
                    "path": "::400 Bad Request",
                    "id": "eeae81934b9b58bccaf0184a6d070338",
                    "passes": 0
                },
                "401 Unauthorized": {
                    "id": "6ae9254e6aefe7f0bafe5102fa7e20a5",
                    "passes": 0,
                    "fails": 1750,
                    "name": "401 Unauthorized",
                    "path": "::401 Unauthorized"
                },
                "403 Forbidden": {
                    "fails": 1750,
                    "name": "403 Forbidden",
                    "path": "::403 Forbidden",
                    "id": "655548b761742c5a7ad15aa7df3a5d9c",
                    "passes": 0
                },
                "404 Not Found": {
                    "fails": 1750,
                    "name": "404 Not Found",
                    "path": "::404 Not Found",
                    "id": "df1528f9925ca236bac51008f77b774a",
                    "passes": 0
                },
                "429 Too Many Requests": {
                    "name": "429 Too Many Requests",
                    "path": "::429 Too Many Requests",
                    "id": "b810c35b9499cc7342fd415032e3a6aa",
                    "passes": 0,
                    "fails": 1750
                },
                "500 Internal Server Error": {
                    "name": "500 Internal Server Error",
                    "path": "::500 Internal Server Error",
                    "id": "3cd96245b24e869810efe46d533b0eef",
                    "passes": 0,
                    "fails": 1750
                },
                "502 Bad Gateway": {
                    "path": "::502 Bad Gateway",
                    "id": "712cb0ec189a11f31f0d6d0c0031b569",
                    "passes": 409,
                    "fails": 1341,
                    "name": "502 Bad Gateway"
                },
                "503 Service Unavailable": {
                    "id": "f1ea1a22be0dc738c385523a66ea1cd9",
                    "passes": 0,
                    "fails": 1750,
                    "name": "503 Service Unavailable",
                    "path": "::503 Service Unavailable"
                },
                "504 Gateway Timeout": {
                    "name": "504 Gateway Timeout",
                    "path": "::504 Gateway Timeout",
                    "id": "218efb729cb654723ccd57c6ebbebe29",
                    "passes": 0,
                    "fails": 1750
                }
            },
        "name": "",
        "path": ""
    }
}